[
  {
    "Title": "Documentation",
    "Id": "343135",
    "ParentWikiTitle": "Documentation",
    "FileExtension": "codeplexwiki",
    "UpdatedDate": "2010-11-12T06:49:14.963-08:00",
    "FileAttachments": []
  },
  {
    "Title": "Home",
    "Id": "254435",
    "ParentWikiTitle": "Home",
    "FileExtension": "codeplexwiki",
    "UpdatedDate": "2010-04-01T01:45:08.88-07:00",
    "FileAttachments": []
  },
  {
    "Title": "LinkedListChannel Tutorial and Implementation Discussion",
    "Id": "254432",
    "ParentWikiTitle": "Documentation",
    "FileExtension": "codeplexwiki",
    "UpdatedDate": "2010-04-01T01:17:13.727-07:00",
    "FileAttachments": []
  },
  {
    "Title": "CompiledQueryReplicator Tutorial",
    "Id": "251517",
    "ParentWikiTitle": "Documentation",
    "FileExtension": "codeplexwiki",
    "UpdatedDate": "2010-03-24T06:19:33.277-07:00",
    "FileAttachments": []
  },
  {
    "Title": "PagedSortedViewModel with Auxiliary Data Model Tutorial",
    "Id": "251499",
    "ParentWikiTitle": "Documentation",
    "FileExtension": "codeplexwiki",
    "UpdatedDate": "2010-03-24T04:04:22.557-07:00",
    "FileAttachments": []
  },
  {
    "Title": "Sorter Translation Dictionaries Tutorial",
    "Id": "251470",
    "ParentWikiTitle": "Documentation",
    "FileExtension": "codeplexwiki",
    "UpdatedDate": "2010-03-24T00:17:19.303-07:00",
    "FileAttachments": []
  },
  {
    "Title": "Basic Sorter Tutorial",
    "Id": "251469",
    "ParentWikiTitle": "Documentation",
    "FileExtension": "codeplexwiki",
    "UpdatedDate": "2010-03-24T00:03:36.2-07:00",
    "FileAttachments": []
  },
  {
    "Title": "Making the HtmlHelpers Available for Use Tutorial",
    "Id": "251468",
    "ParentWikiTitle": "Documentation",
    "FileExtension": "codeplexwiki",
    "UpdatedDate": "2010-03-23T23:58:08.3-07:00",
    "FileAttachments": []
  },
  {
    "Title": "Route Helpers Tutorial",
    "Id": "251173",
    "ParentWikiTitle": "Documentation",
    "FileExtension": "codeplexwiki",
    "UpdatedDate": "2010-03-23T08:49:13.86-07:00",
    "FileAttachments": []
  },
  {
    "Title": "Permanently Redirect ActionResults Tutorial",
    "Id": "251084",
    "ParentWikiTitle": "Documentation",
    "FileExtension": "codeplexwiki",
    "UpdatedDate": "2010-03-23T01:34:18.587-07:00",
    "FileAttachments": []
  },
  {
    "Title": "Improved JsonResult Tutorial",
    "Id": "251065",
    "ParentWikiTitle": "Documentation",
    "FileExtension": "codeplexwiki",
    "UpdatedDate": "2010-03-23T00:12:18.51-07:00",
    "FileAttachments": []
  },
  {
    "Title": "IncomingRequestRouteConstraint Tutorial",
    "Id": "251062",
    "ParentWikiTitle": "Documentation",
    "FileExtension": "codeplexwiki",
    "UpdatedDate": "2010-03-22T23:42:31.677-07:00",
    "FileAttachments": []
  },
  {
    "Title": "Gravatar Tutorial",
    "Id": "251060",
    "ParentWikiTitle": "Documentation",
    "FileExtension": "codeplexwiki",
    "UpdatedDate": "2010-03-22T23:18:14.593-07:00",
    "FileAttachments": []
  },
  {
    "Title": "CollapsibleFieldset Tutorial",
    "Id": "251059",
    "ParentWikiTitle": "Documentation",
    "FileExtension": "codeplexwiki",
    "UpdatedDate": "2010-03-22T23:16:24.533-07:00",
    "FileAttachments": [
      {
        "Id": "f20e26b6-9dfa-4fce-91dc-753a4db9e38b",
        "FileName": "CollapsibleFieldset.gif",
        "DownloadUri": "./251059/f20e26b6-9dfa-4fce-91dc-753a4db9e38b"
      }
    ]
  },
  {
    "Title": "TempInfoBox Tutorial",
    "Id": "251058",
    "ParentWikiTitle": "Documentation",
    "FileExtension": "codeplexwiki",
    "UpdatedDate": "2010-03-22T23:15:32.87-07:00",
    "FileAttachments": [
      {
        "Id": "c81cc018-b784-47b8-8c5f-913c93370f47",
        "FileName": "TempInfoBox.gif",
        "DownloadUri": "./251058/c81cc018-b784-47b8-8c5f-913c93370f47"
      }
    ]
  },
  {
    "Title": "CheckboxStandard and BoolBinder Tutorial",
    "Id": "251056",
    "ParentWikiTitle": "Documentation",
    "FileExtension": "codeplexwiki",
    "UpdatedDate": "2010-03-22T23:14:17.137-07:00",
    "FileAttachments": []
  },
  {
    "Title": "EncodeAndInsertBrsAndLinks Tutorial",
    "Id": "250716",
    "ParentWikiTitle": "Documentation",
    "FileExtension": "codeplexwiki",
    "UpdatedDate": "2010-03-22T06:51:55.603-07:00",
    "FileAttachments": []
  },
  {
    "Title": "WCF Client Injection with Client Certificate from File Tutorial",
    "Id": "250626",
    "ParentWikiTitle": "Documentation",
    "FileExtension": "codeplexwiki",
    "UpdatedDate": "2010-03-22T01:05:31.723-07:00",
    "FileAttachments": []
  },
  {
    "Title": "Basic WCF Channel Injection Tutorial",
    "Id": "250618",
    "ParentWikiTitle": "Documentation",
    "FileExtension": "codeplexwiki",
    "UpdatedDate": "2010-03-22T00:28:36.813-07:00",
    "FileAttachments": []
  },
  {
    "Title": "MatchUp and Federator LINQ Methods Tutorial",
    "Id": "250348",
    "ParentWikiTitle": "Documentation",
    "FileExtension": "codeplexwiki",
    "UpdatedDate": "2010-03-21T07:42:56.56-07:00",
    "FileAttachments": [
      {
        "Id": "22dfa585-8d90-4404-aec2-4816607654ed",
        "FileName": "FederatorOutputThreeSeqs.gif",
        "DownloadUri": "./250348/22dfa585-8d90-4404-aec2-4816607654ed"
      },
      {
        "Id": "83096c51-f4d4-46cf-b571-8dfee7974ba4",
        "FileName": "FederatorOutput.gif",
        "DownloadUri": "./250348/83096c51-f4d4-46cf-b571-8dfee7974ba4"
      }
    ]
  },
  {
    "Title": "Miscellaneous Entity Framework Utilities Tutorial",
    "Id": "250238",
    "ParentWikiTitle": "Documentation",
    "FileExtension": "codeplexwiki",
    "UpdatedDate": "2010-03-21T02:28:40.83-07:00",
    "FileAttachments": []
  },
  {
    "Title": "Basic Error Reporting Tutorial",
    "Id": "249038",
    "ParentWikiTitle": "Documentation",
    "FileExtension": "codeplexwiki",
    "UpdatedDate": "2010-03-17T08:01:51.433-07:00",
    "FileAttachments": [
      {
        "Id": "a3446395-e296-423f-b3cb-6b3ad72dfcd1",
        "FileName": "DCU Error Reporting.gif",
        "DownloadUri": "./249038/a3446395-e296-423f-b3cb-6b3ad72dfcd1"
      },
      {
        "Id": "f47c60cc-9fd9-4e5f-9a69-8da0c49edfc5",
        "FileName": "DCU Error Reporting with POCOs.gif",
        "DownloadUri": "./249038/f47c60cc-9fd9-4e5f-9a69-8da0c49edfc5"
      }
    ]
  },
  {
    "Title": "ReaderWriterLock Tutorial and Implementation Discussion",
    "Id": "249025",
    "ParentWikiTitle": "Documentation",
    "FileExtension": "codeplexwiki",
    "UpdatedDate": "2010-03-17T06:48:59.22-07:00",
    "FileAttachments": []
  },
  {
    "Title": "Semaphore/FifoSemaphore & Mutex/FifoMutex Tutorial and Implementation Discussion",
    "Id": "245698",
    "ParentWikiTitle": "Documentation",
    "FileExtension": "codeplexwiki",
    "UpdatedDate": "2010-03-09T05:01:34.687-08:00",
    "FileAttachments": []
  },
  {
    "Title": "Active Object Tutorial",
    "Id": "245650",
    "ParentWikiTitle": "Documentation",
    "FileExtension": "codeplexwiki",
    "UpdatedDate": "2010-03-09T03:43:49.6-08:00",
    "FileAttachments": []
  },
  {
    "Title": "Time Utilities Tutorial",
    "Id": "244107",
    "ParentWikiTitle": "Documentation",
    "FileExtension": "codeplexwiki",
    "UpdatedDate": "2010-03-04T22:52:02.327-08:00",
    "FileAttachments": []
  },
  {
    "Title": "Miscellaneous Utilities Tutorial",
    "Id": "244095",
    "ParentWikiTitle": "Documentation",
    "FileExtension": "codeplexwiki",
    "UpdatedDate": "2010-03-04T22:03:48.807-08:00",
    "FileAttachments": []
  },
  {
    "Title": "SafeUsingBlock and DisposableWrapper Tutorial",
    "Id": "244090",
    "ParentWikiTitle": "Documentation",
    "FileExtension": "codeplexwiki",
    "UpdatedDate": "2010-03-04T21:42:43.373-08:00",
    "FileAttachments": []
  }
]
